{
  "compare_rating": 0.7594339622641509,
  "food_score": 4.854774156660949,
  "positive_rating": 0.95,
  "restaurant_id": 1908345,
  "service_score": 4.709548313321898,
  "star_level": 4.8
}