{
  "compare_rating": 0.7170093457943926,
  "food_score": 4.824390243902439,
  "positive_rating": 0.96,
  "restaurant_id": 168062997,
  "service_score": 4.763414634146342,
  "star_level": 4.8
}