{
  "compare_rating": 0.8144560357675111,
  "food_score": 4.842541436464089,
  "positive_rating": 0.97,
  "restaurant_id": 156949943,
  "service_score": 4.80939226519337,
  "star_level": 4.9
}