{
  "compare_rating": 0.7273853779429987,
  "food_score": 4.829787234042553,
  "positive_rating": 0.97,
  "restaurant_id": 1906641,
  "service_score": 4.797872340425532,
  "star_level": 4.8
}