{
  "compare_rating": 0.8105141536683997,
  "food_score": 4.816901408450704,
  "positive_rating": 0.95,
  "restaurant_id": 874862,
  "service_score": 4.769366197183099,
  "star_level": 4.7
}