{
  "compare_rating": 0.5600152905198776,
  "food_score": 4.668647845468054,
  "positive_rating": 0.94,
  "restaurant_id": 167061599,
  "service_score": 4.662704309063893,
  "star_level": 4.7
}