{
  "compare_rating": 0.6362672322375398,
  "food_score": 4.757142857142857,
  "positive_rating": 0.95,
  "restaurant_id": 161852937,
  "service_score": 4.710204081632653,
  "star_level": 4.7
}