{
  "compare_rating": 0.8131913150348218,
  "food_score": 4.883474576271187,
  "positive_rating": 0.97,
  "restaurant_id": 156345025,
  "service_score": 4.819915254237288,
  "star_level": 4.9
}