{
  "compare_rating": 0.811869196608801,
  "food_score": 4.924953095684803,
  "positive_rating": 0.98,
  "restaurant_id": 167517722,
  "service_score": 4.881801125703565,
  "star_level": 4.9
}