{
  "compare_rating": 0.48793456032719834,
  "food_score": 4.763473053892215,
  "positive_rating": 0.94,
  "restaurant_id": 235756,
  "service_score": 4.712574850299402,
  "star_level": 4.7
}