{
  "compare_rating": 0.6844462540716613,
  "food_score": 4.786531130876747,
  "positive_rating": 0.96,
  "restaurant_id": 2220957,
  "service_score": 4.762388818297332,
  "star_level": 4.8
}