{
  "compare_rating": 0.27555555555555555,
  "food_score": 4.625850340136054,
  "positive_rating": 0.91,
  "restaurant_id": 168249189,
  "service_score": 4.45578231292517,
  "star_level": 4.5
}