{
  "compare_rating": 0.33397832817337464,
  "food_score": 4.651162790697675,
  "positive_rating": 0.91,
  "restaurant_id": 168217614,
  "service_score": 4.52093023255814,
  "star_level": 4.5
}