{
  "compare_rating": 0.11132660977501939,
  "food_score": 4.619047619047619,
  "positive_rating": 0.9,
  "restaurant_id": 168365760,
  "service_score": 4.523809523809524,
  "star_level": 4.5
}