{
  "compare_rating": 0.08054711246200608,
  "food_score": 4.783333333333333,
  "positive_rating": 0.93,
  "restaurant_id": 168497147,
  "service_score": 4.55,
  "star_level": 4.6
}