{
  "compare_rating": 0.49536865505742866,
  "food_score": 4.6561672063585515,
  "positive_rating": 0.93,
  "restaurant_id": 167035646,
  "service_score": 4.593464821901678,
  "star_level": 4.7
}