{
  "compare_rating": 0.31070597362296354,
  "food_score": 4.621621621621622,
  "positive_rating": 0.91,
  "restaurant_id": 168309757,
  "service_score": 4.505405405405406,
  "star_level": 4.5
}