{
  "compare_rating": 0.4574898785425101,
  "food_score": 4.857142857142857,
  "positive_rating": 0.96,
  "restaurant_id": 166339971,
  "service_score": 4.841269841269841,
  "star_level": 4.8
}