{
  "compare_rating": 0.750204415372036,
  "food_score": 4.755102040816326,
  "positive_rating": 0.96,
  "restaurant_id": 492679,
  "service_score": 4.761904761904762,
  "star_level": 4.8
}