{
  "compare_rating": 0.7514332514332515,
  "food_score": 4.8389261744966445,
  "positive_rating": 0.96,
  "restaurant_id": 2134734,
  "service_score": 4.825503355704698,
  "star_level": 4.8
}