{
  "compare_rating": 0.6328521264143582,
  "food_score": 4.841379310344828,
  "positive_rating": 0.96,
  "restaurant_id": 162667489,
  "service_score": 4.689655172413793,
  "star_level": 4.8
}
