{
  "compare_rating": 0.6286298568507157,
  "food_score": 4.824257425742574,
  "positive_rating": 0.96,
  "restaurant_id": 161827748,
  "service_score": 4.78069306930693,
  "star_level": 4.8
}