{
  "compare_rating": 0.813953488372093,
  "food_score": 4.907894736842105,
  "positive_rating": 0.96,
  "restaurant_id": 168275472,
  "service_score": 4.7894736842105265,
  "star_level": 4.8
}