{
  "compare_rating": 0.6062831497348021,
  "food_score": 4.752336448598131,
  "positive_rating": 0.95,
  "restaurant_id": 167598051,
  "service_score": 4.719626168224299,
  "star_level": 4.7
}